{"cameraMode":{"drawMode":0,"name":"Shaded","section":"Shading Mode"},"sceneLighting":true,"audioPlay":false,"sceneViewState":{"showFog":true,"showMaterialUpdate":false,"showSkybox":true,"showFlares":true,"showImageEffects":true,"showParticleSystems":true},"in2DMode":false,"pivot":{"x":20.693195343017579,"y":3.7334237098693849,"z":-54.74885559082031},"rotation":{"x":0.12719064950942994,"y":-0.7326821088790894,"z":0.14266127347946168,"w":0.6531954407691956},"size":13.382193565368653,"orthographic":false}